"","treatment1","treatment2","donor1","donor2","sample_num","sample_names"
"samp_1_DMSO_DMSO","Vehicle","DMSO","SF5","LP",1,"samp_1_DMSO_DMSO"
"samp_2_DMSO_DMSO","Vehicle","DMSO","SF6","TG",2,"samp_2_DMSO_DMSO"
"samp_3_DMSO_DMSO","Vehicle","DMSO","SF7","MM",3,"samp_3_DMSO_DMSO"
"samp_4_DMSO_DMSO","Vehicle","DMSO","SF8","LP",4,"samp_4_DMSO_DMSO"
"samp_5_DMSO_DMSO","Vehicle","DMSO","SF9","TG",5,"samp_5_DMSO_DMSO"
"samp_6_DMSO_DMSO","Vehicle","DMSO","SF11","AC",6,"samp_6_DMSO_DMSO"
"samp_1_calmidazolium _calmidazolium","PRP11","calmidazolium","SF5","LP",1,"samp_1_calmidazolium _calmidazolium"
"samp_2_calmidazolium _calmidazolium","PRP11","calmidazolium","SF6","TG",2,"samp_2_calmidazolium _calmidazolium"
"samp_3_calmidazolium _calmidazolium","PRP11","calmidazolium","SF7","MM",3,"samp_3_calmidazolium _calmidazolium"
"samp_4_calmidazolium _calmidazolium","PRP11","calmidazolium","SF8","LP",4,"samp_4_calmidazolium _calmidazolium"
"samp_5_calmidazolium _calmidazolium","PRP11","calmidazolium","SF9","TG",5,"samp_5_calmidazolium _calmidazolium"
"samp_6_calmidazolium _calmidazolium","PRP11","calmidazolium","SF11","AC",6,"samp_6_calmidazolium _calmidazolium"
"samp_1_fludrocortisone_fludrocortisone","PRP102","fludrocortisone","SF5","LP",1,"samp_1_fludrocortisone_fludrocortisone"
"samp_2_fludrocortisone_fludrocortisone","PRP102","fludrocortisone","SF6","TG",2,"samp_2_fludrocortisone_fludrocortisone"
"samp_3_fludrocortisone_fludrocortisone","PRP102","fludrocortisone","SF7","MM",3,"samp_3_fludrocortisone_fludrocortisone"
"samp_4_fludrocortisone_fludrocortisone","PRP102","fludrocortisone","SF8","LP",4,"samp_4_fludrocortisone_fludrocortisone"
"samp_5_fludrocortisone_fludrocortisone","PRP102","fludrocortisone","SF9","TG",5,"samp_5_fludrocortisone_fludrocortisone"
"samp_6_fludrocortisone_fludrocortisone","PRP102","fludrocortisone","SF11","AC",6,"samp_6_fludrocortisone_fludrocortisone"
